Time,CH1,CH2
-0.008,0.08,2.72
-0.007992,0.16,2.24
-0.007984,0.24,1.6
-0.007976,0.16,1.12
-0.007968,0.24,0.64
-0.00796,0.32,0.16
-0.007952,0.4,-0.32
-0.007944,0.4,-0.88
-0.007936,0.4,-1.44
-0.007928000000000001,0.48,-1.92
-0.00792,0.48,-2.4
-0.007912,0.56,-2.88
-0.007904,0.48,-3.44
-0.007896,0.64,-3.84
-0.007888000000000001,0.64,-4.32
-0.00788,0.72,-4.8
-0.007872,0.72,-5.2
-0.007864,0.72,-5.68
-0.007856,0.72,-6.08
-0.007848,0.8,-6.48
-0.00784,0.8,-6.96
-0.007832,0.8,-7.2
-0.007824,0.88,-7.5200000000000005
-0.007816,0.88,-7.92
-0.007808,0.88,-8.24
-0.0078000000000000005,0.88,-8.48
-0.007792,0.88,-8.72
-0.007784,0.8,-9.120000000000001
-0.007776,0.88,-9.200000000000001
-0.007768000000000001,0.88,-9.52
-0.00776,0.88,-9.6
-0.007752,0.88,-9.76
-0.007744,0.88,-9.92
-0.007736,0.88,-10.08
-0.0077280000000000005,0.88,-10.08
-0.00772,0.88,-10.08
-0.007712,0.88,-10.16
-0.007704,0.8,-10.16
-0.007696000000000001,0.8,-10.16
-0.007688,0.8,-10.08
-0.00768,0.64,-10.0
-0.007672,0.64,-9.84
-0.007664,0.72,-9.76
-0.0076560000000000005,0.64,-9.68
-0.007648,0.64,-9.36
-0.00764,0.56,-9.200000000000001
-0.007632,0.56,-9.040000000000001
-0.007624000000000001,0.56,-8.72
-0.007616,0.56,-8.4
-0.007608,0.48,-8.08
-0.0076,0.4,-7.84
-0.007592,0.4,-7.44
-0.0075840000000000005,0.4,-7.2
-0.007576,0.32,-6.8
-0.007568,0.24,-6.32
-0.00756,0.24,-6.0
-0.0075520000000000006,0.16,-5.44
-0.007544,0.16,-5.12
-0.007536,0.08,-4.64
-0.007528,0.0,-4.16
-0.007520000000000001,0.0,-3.68
-0.0075120000000000004,0.0,-3.2
-0.007504,-0.08,-2.8000000000000003
-0.007496,-0.08,-2.16
-0.007488,-0.16,-1.76
-0.0074800000000000005,-0.16,-1.2
-0.007472,-0.24,-0.72
-0.007464,-0.32,-0.24
-0.007456,-0.32,0.24
-0.007448,-0.32,0.8
-0.00744,-0.4,1.36
-0.007432,-0.4,1.84
-0.007424,-0.48,2.32
-0.007416,-0.48,2.88
-0.0074080000000000005,-0.56,3.36
-0.0074,-0.56,3.84
-0.007392,-0.56,4.32
-0.007384,-0.72,4.8
-0.007376000000000001,-0.64,5.28
-0.007368,-0.72,5.68
-0.00736,-0.72,6.08
-0.007352,-0.72,6.4
-0.007344,-0.72,6.88
-0.0073360000000000005,-0.8,7.28
-0.007328,-0.88,7.68
-0.00732,-0.8,7.92
-0.007312,-0.8,8.32
-0.007304,-0.8,8.64
-0.007296,-0.8,8.88
-0.007288,-0.88,9.120000000000001
-0.00728,-0.96,9.36
-0.007272000000000001,-0.88,9.6
-0.0072640000000000005,-0.88,9.84
-0.007256,-0.88,9.92
-0.007248,-0.88,10.08
-0.00724,-0.8,10.16
-0.007232000000000001,-0.8,10.16
-0.007224,-0.88,10.16
-0.007216,-0.8,10.16
-0.007208,-0.88,10.16
-0.0072,-0.8,10.16
-0.0071920000000000005,-0.72,10.16
-0.007184,-0.72,10.16
-0.007176,-0.72,10.16
-0.007168,-0.72,10.08
-0.0071600000000000006,-0.64,9.92
-0.007152,-0.64,9.76
-0.007144,-0.64,9.52
-0.007136,-0.64,9.28
-0.007128000000000001,-0.56,9.040000000000001
-0.0071200000000000005,-0.48,8.8
-0.007112,-0.56,8.56
-0.007104,-0.4,8.24
-0.007096,-0.48,7.92
-0.0070880000000000006,-0.32,7.5200000000000005
-0.00708,-0.24,7.2
-0.007072,-0.24,6.72
-0.007064,-0.24,6.24
-0.007056,-0.16,6.0
-0.0070480000000000004,-0.16,5.6000000000000005
-0.00704,-0.08,5.12
-0.007032,-0.08,4.64
-0.007024,0.0,4.16
-0.0070160000000000005,0.0,3.7600000000000002
-0.007008,0.0,3.12
-0.007,0.16,2.72
-0.006992,0.16,2.16
-0.006984000000000001,0.16,1.68
-0.006976,0.24,1.12
-0.006968,0.32,0.64
-0.00696,0.24,0.16
-0.006952,0.4,-0.32
-0.0069440000000000005,0.4,-0.96
-0.006936,0.48,-1.36
-0.006928,0.48,-1.92
-0.00692,0.56,-2.32
-0.006912,0.56,-2.88
-0.006904,0.56,-3.36
-0.006896,0.64,-3.92
-0.006888,0.64,-4.32
-0.006880000000000001,0.64,-4.72
-0.0068720000000000005,0.72,-5.28
-0.006864,0.72,-5.68
-0.006856,0.64,-6.08
-0.006848,0.8,-6.48
-0.006840000000000001,0.72,-6.8
-0.006832,0.72,-7.2
-0.006824,0.88,-7.6000000000000005
-0.006816,0.88,-7.92
-0.006808,0.88,-8.24
-0.0068000000000000005,0.88,-8.64
-0.006792,0.8,-8.8
-0.006784,0.88,-9.120000000000001
-0.006776,0.8,-9.28
-0.006768,0.8,-9.44
-0.00676,0.88,-9.76
-0.006752,0.8,-9.84
-0.006744,0.88,-9.92
-0.006736000000000001,0.88,-10.0
-0.0067280000000000005,0.88,-10.08
-0.00672,0.88,-10.16
-0.006712,0.88,-10.16
-0.006704,0.8,-10.16
-0.0066960000000000006,0.8,-10.08
-0.006688,0.72,-10.08
-0.00668,0.8,-10.0
-0.006672,0.8,-9.92
-0.006664,0.72,-9.76
-0.0066560000000000005,0.64,-9.68
-0.006648,0.64,-9.44
-0.00664,0.64,-9.200000000000001
-0.006632000000000001,0.56,-8.96
-0.0066240000000000005,0.48,-8.64
-0.006616,0.56,-8.4
-0.006608,0.48,-8.16
-0.0066,0.4,-7.84
-0.006592000000000001,0.4,-7.44
-0.0065840000000000004,0.32,-7.12
-0.006576,0.32,-6.72
-0.006568,0.24,-6.48
-0.00656,0.24,-6.0
-0.0065520000000000005,0.16,-5.5200000000000005
-0.006544,0.16,-5.04
-0.006536,0.08,-4.5600000000000005
-0.006528,0.08,-4.16
-0.00652,-0.08,-3.68
-0.006512,0.0,-3.2800000000000002
-0.006504,-0.08,-2.72
-0.006496,-0.08,-2.24
-0.006488000000000001,-0.16,-1.76
-0.0064800000000000005,-0.16,-1.2
-0.006472,-0.32,-0.8
-0.006464,-0.4,-0.16
-0.006456,-0.32,0.32
-0.006448000000000001,-0.4,0.88
-0.00644,-0.4,1.36
-0.006432,-0.4,1.84
-0.006424,-0.56,2.4
-0.006416,-0.56,2.88
-0.0064080000000000005,-0.64,3.36
-0.0064,-0.56,3.84
-0.006392,-0.56,4.32
-0.006384,-0.72,4.8
-0.006376,-0.72,5.12
-0.006368,-0.64,5.68
-0.00636,-0.72,6.08
-0.006352,-0.8,6.4
-0.006344000000000001,-0.72,6.96
-0.0063360000000000005,-0.72,7.2
-0.006328,-0.8,7.68
-0.00632,-0.88,8.0
-0.006312,-0.8,8.32
-0.006304000000000001,-0.8,8.64
-0.006296,-0.8,8.88
-0.006288,-0.88,9.200000000000001
-0.00628,-0.88,9.36
-0.006272,-0.88,9.6
-0.0062640000000000005,-0.88,9.76
-0.006256,-0.88,9.92
-0.006248,-0.88,10.08
-0.006240000000000001,-0.88,10.16
-0.0062320000000000006,-0.88,10.16
-0.006224,-0.8,10.16
-0.006216,-0.8,10.16
-0.006208,-0.72,10.16
-0.006200000000000001,-0.72,10.16
-0.0061920000000000005,-0.72,10.16
-0.006184,-0.72,10.16
-0.006176,-0.72,10.16
-0.006168,-0.72,10.0
-0.0061600000000000005,-0.64,9.92
-0.006152,-0.72,9.68
-0.006144,-0.64,9.52
-0.006136,-0.56,9.36
-0.006128,-0.56,9.120000000000001
-0.0061200000000000004,-0.56,8.72
-0.006112,-0.4,8.48
-0.006104,-0.4,8.24
-0.006096000000000001,-0.4,7.92
-0.0060880000000000005,-0.32,7.6000000000000005
-0.00608,-0.32,7.12
-0.006072,-0.24,6.8
-0.006064,-0.24,6.4
-0.006056000000000001,-0.16,6.0
-0.006048,-0.24,5.6000000000000005
-0.00604,-0.08,5.12
-0.006032000000000001,-0.16,4.64
-0.006024,0.0,4.16
-0.0060160000000000005,0.0,3.68
-0.006008,0.0,3.2800000000000002
-0.006,0.08,2.72
-0.005992000000000001,0.08,2.24
-0.005984,0.24,1.6
-0.005976,0.24,1.2
-0.005968,0.24,0.72
-0.00596,0.24,0.08
-0.005952000000000001,0.32,-0.4
-0.005944,0.4,-0.88
-0.005936,0.4,-1.44
-0.005928,0.48,-1.92
-0.00592,0.56,-2.4
-0.005912000000000001,0.56,-2.88
-0.005904,0.56,-3.44
-0.005896,0.64,-3.92
-0.005888000000000001,0.64,-4.32
-0.00588,0.72,-4.72
-0.0058720000000000005,0.72,-5.2
-0.005864,0.64,-5.68
-0.005856,0.72,-6.08
-0.005848000000000001,0.8,-6.48
-0.00584,0.8,-6.96
-0.005832,0.8,-7.28
-0.005824,0.88,-7.68
-0.005816,0.88,-7.92
-0.005808000000000001,0.88,-8.32
-0.0058000000000000005,0.88,-8.48
-0.005792,0.88,-8.8
-0.005784,0.88,-9.040000000000001
-0.005776,0.8,-9.200000000000001
-0.0057680000000000006,0.8,-9.44
-0.00576,0.88,-9.6
-0.005752,0.8,-9.76
-0.005744000000000001,0.88,-10.0
-0.005736,0.88,-10.0
-0.0057280000000000005,0.88,-10.08
-0.00572,0.88,-10.16
-0.005712,0.8,-10.16
-0.005704000000000001,0.8,-10.16
-0.005696,0.8,-10.16
-0.005688,0.8,-10.08
-0.00568,0.64,-10.0
-0.005672,0.72,-9.92
-0.005664000000000001,0.72,-9.76
-0.0056560000000000004,0.72,-9.6
-0.005648,0.64,-9.36
-0.005640000000000001,0.56,-9.200000000000001
-0.005632,0.56,-8.96
-0.0056240000000000005,0.56,-8.72
-0.005616,0.48,-8.48
-0.005608,0.48,-8.16
-0.005600000000000001,0.48,-7.84
-0.005592,0.32,-7.44
-0.005584,0.4,-7.12
-0.005576,0.32,-6.72
-0.005568,0.24,-6.4
-0.005560000000000001,0.24,-6.0
-0.005552,0.08,-5.5200000000000005
-0.005544,0.08,-5.12
-0.005536,0.16,-4.5600000000000005
-0.005528,0.0,-4.16
-0.005520000000000001,0.0,-3.7600000000000002
-0.005512,0.0,-3.2
-0.005504,-0.08,-2.72
-0.005496000000000001,-0.08,-2.24
-0.005488,-0.24,-1.76
-0.0054800000000000005,-0.24,-1.28
-0.005472,-0.24,-0.72
-0.005464,-0.24,-0.24
-0.005456000000000001,-0.32,0.32
-0.005448,-0.32,0.8
-0.00544,-0.4,1.36
-0.005432,-0.4,1.92
-0.005424,-0.48,2.24
-0.005416000000000001,-0.56,2.88
-0.0054080000000000005,-0.64,3.36
-0.0054,-0.56,3.84
-0.005392,-0.64,4.32
-0.005384,-0.64,4.72
-0.005376000000000001,-0.64,5.2
-0.005368,-0.72,5.6000000000000005
-0.00536,-0.72,6.0
-0.005352000000000001,-0.72,6.48
-0.005344,-0.72,6.8
-0.0053360000000000005,-0.88,7.28
-0.005328,-0.8,7.6000000000000005
-0.00532,-0.8,8.0
-0.005312000000000001,-0.8,8.32
-0.005304,-0.8,8.56
-0.005296,-0.8,8.88
-0.005288,-0.96,9.120000000000001
-0.00528,-0.8,9.28
-0.005272000000000001,-0.8,9.6
-0.0052640000000000004,-0.88,9.68
-0.005256,-0.8,9.92
-0.005248000000000001,-0.88,10.08
-0.00524,-0.8,10.16
-0.0052320000000000005,-0.8,10.16
-0.005224,-0.8,10.16
-0.005216,-0.88,10.16
-0.005208000000000001,-0.88,10.16
-0.0052,-0.8,10.16
-0.0051920000000000004,-0.72,10.16
-0.005184,-0.72,10.16
-0.005176,-0.72,10.16
-0.005168000000000001,-0.64,10.0
-0.00516,-0.64,9.84
-0.005152,-0.64,9.68
-0.005144,-0.64,9.44
-0.005136,-0.56,9.28
-0.005128000000000001,-0.56,9.040000000000001
-0.00512,-0.56,8.8
-0.005112,-0.48,8.56
-0.005104000000000001,-0.4,8.16
-0.005096,-0.4,7.92
-0.0050880000000000005,-0.32,7.5200000000000005
-0.00508,-0.32,7.2
-0.005072,-0.32,6.8
-0.005064000000000001,-0.24,6.32
-0.005056,-0.16,6.0
-0.005048,-0.16,5.5200000000000005
-0.00504,-0.16,5.04
-0.005032,0.0,4.64
-0.005024000000000001,0.0,4.08
-0.0050160000000000005,0.0,3.68
-0.005008,0.08,3.2
-0.005,0.08,2.64
-0.004992,0.16,2.16
-0.004984000000000001,0.24,1.68
-0.004976,0.16,1.2
-0.004968,0.32,0.64
-0.004960000000000001,0.32,0.08
-0.004952,0.32,-0.4
-0.0049440000000000005,0.4,-0.88
-0.004936,0.48,-1.44
-0.004928,0.4,-1.92
-0.004920000000000001,0.48,-2.48
-0.004912,0.56,-2.96
-0.004904,0.48,-3.36
-0.004896,0.56,-3.92
-0.004888,0.64,-4.4
-0.004880000000000001,0.72,-4.8
-0.0048720000000000005,0.72,-5.28
-0.004864,0.72,-5.68
-0.004856000000000001,0.72,-6.08
-0.004848,0.8,-6.48
-0.0048400000000000006,0.8,-6.8
-0.004832,0.8,-7.28
-0.004824,0.88,-7.6000000000000005
-0.004816000000000001,0.88,-7.92
-0.004808,0.88,-8.24
-0.0048000000000000004,0.88,-8.56
-0.004792,0.8,-8.8
-0.004784,0.8,-9.040000000000001
-0.004776000000000001,0.88,-9.36
-0.004768,0.88,-9.44
-0.00476,0.88,-9.68
-0.004752,0.88,-9.84
-0.004744,0.88,-9.92
-0.004736000000000001,0.88,-10.0
-0.004728,0.88,-10.16
-0.00472,0.88,-10.16
-0.004712000000000001,0.8,-10.16
-0.004704,0.88,-10.16
-0.0046960000000000005,0.8,-10.16
-0.004688,0.72,-10.08
-0.00468,0.64,-10.0
-0.004672000000000001,0.72,-9.92
-0.004664,0.72,-9.76
-0.004656,0.72,-9.6
-0.004648,0.64,-9.44
-0.00464,0.56,-9.200000000000001
-0.004632000000000001,0.56,-8.96
-0.0046240000000000005,0.56,-8.8
-0.004616,0.56,-8.48
-0.004608,0.48,-8.16
-0.0046,0.48,-7.84
-0.004592000000000001,0.32,-7.5200000000000005
-0.004584,0.32,-7.12
-0.004576,0.32,-6.8
-0.004568000000000001,0.24,-6.4
-0.00456,0.24,-5.92
-0.0045520000000000005,0.24,-5.5200000000000005
-0.004544,0.16,-5.12
-0.004536,0.08,-4.72
-0.004528000000000001,0.08,-4.24
-0.00452,0.08,-3.68
-0.004512,0.0,-3.2
-0.004504,-0.08,-2.8000000000000003
-0.004496,-0.08,-2.24
-0.004488000000000001,-0.16,-1.76
-0.0044800000000000005,-0.16,-1.28
-0.004472,-0.24,-0.8
-0.004464000000000001,-0.24,-0.24
-0.004456,-0.32,0.24
-0.0044480000000000006,-0.4,0.88
-0.00444,-0.48,1.28
-0.004432,-0.4,1.84
-0.004424000000000001,-0.48,2.4
-0.004416,-0.56,2.88
-0.0044080000000000005,-0.56,3.36
-0.0044,-0.56,3.84
-0.004392,-0.64,4.32
-0.004384000000000001,-0.72,4.8
-0.004376,-0.72,5.12
-0.004368,-0.72,5.68
-0.00436,-0.72,6.08
-0.004352,-0.72,6.4
-0.004344000000000001,-0.72,6.88
-0.0043360000000000004,-0.72,7.2
-0.004328,-0.72,7.68
-0.004320000000000001,-0.8,7.92
-0.004312,-0.8,8.24
-0.0043040000000000005,-0.88,8.56
-0.004296,-0.88,8.88
-0.004288,-0.88,9.120000000000001
-0.004280000000000001,-0.88,9.36
-0.004272,-0.8,9.6
-0.004264,-0.8,9.76
-0.004256,-0.8,9.92
-0.004248,-0.8,10.08
-0.004240000000000001,-0.8,10.16
-0.0042320000000000005,-0.8,10.16
-0.004224,-0.8,10.16
-0.004216,-0.8,10.16
-0.004208,-0.8,10.16
-0.004200000000000001,-0.72,10.16
-0.004192,-0.72,10.16
-0.004184,-0.72,10.16
-0.004176000000000001,-0.8,10.16
-0.004168,-0.64,10.0
-0.0041600000000000005,-0.64,9.84
-0.004152,-0.72,9.68
-0.004144,-0.56,9.52
-0.004136000000000001,-0.64,9.28
-0.004128,-0.48,9.040000000000001
-0.00412,-0.48,8.8
-0.004112,-0.56,8.4
-0.004104,-0.48,8.24
-0.004096000000000001,-0.4,7.84
-0.0040880000000000005,-0.32,7.5200000000000005
-0.00408,-0.32,7.12
-0.004072,-0.24,6.8
-0.004064000000000001,-0.24,6.4
-0.004056000000000001,-0.16,5.92
-0.004048,-0.16,5.5200000000000005
-0.00404,-0.08,5.04
-0.004032,-0.08,4.5600000000000005
-0.004024000000000001,0.0,4.08
-0.0040160000000000005,0.0,3.68
-0.004008,0.08,3.2
-0.004,0.16,2.64
-0.003992000000000001,0.16,2.08
-0.0039840000000000006,0.16,1.68
-0.003976,0.24,1.04
-0.003968,0.32,0.64
-0.00396,0.32,0.08
-0.003952000000000001,0.32,-0.4
-0.0039440000000000005,0.4,-0.88
-0.003936,0.48,-1.44
-0.003928,0.48,-1.84
-0.003920000000000001,0.56,-2.4
-0.0039120000000000005,0.56,-2.88
-0.0039040000000000004,0.48,-3.44
-0.003896,0.64,-3.92
-0.003888,0.64,-4.32
-0.0038800000000000006,0.72,-4.8
-0.0038720000000000004,0.72,-5.2
-0.0038640000000000002,0.72,-5.68
-0.003856,0.72,-6.08
-0.0038480000000000007,0.8,-6.48
-0.0038400000000000005,0.8,-6.96
-0.0038320000000000003,0.8,-7.2
-0.003824,0.88,-7.6000000000000005
-0.003816,0.88,-7.92
-0.0038080000000000006,0.88,-8.24
-0.0038000000000000004,0.88,-8.56
-0.0037920000000000002,0.88,-8.88
-0.003784,0.88,-9.040000000000001
-0.0037760000000000007,0.88,-9.36
-0.0037680000000000005,0.88,-9.44
-0.0037600000000000003,0.88,-9.68
-0.003752,0.8,-9.84
-0.003744,0.88,-9.92
-0.0037360000000000006,0.88,-10.0
-0.0037280000000000004,0.88,-10.16
-0.00372,0.8,-10.16
-0.003712,0.8,-10.16
-0.0037040000000000007,0.8,-10.16
-0.0036960000000000005,0.8,-10.16
-0.0036880000000000003,0.8,-10.16
-0.00368,0.72,-10.0
-0.003672000000000001,0.72,-10.0
-0.0036640000000000006,0.72,-9.76
-0.0036560000000000004,0.72,-9.6
-0.003648,0.56,-9.44
-0.00364,0.64,-9.200000000000001
-0.0036320000000000007,0.56,-9.040000000000001
-0.0036240000000000005,0.56,-8.72
-0.0036160000000000003,0.48,-8.48
-0.003608,0.4,-8.16
-0.0036000000000000008,0.48,-7.84
-0.0035920000000000006,0.4,-7.5200000000000005
-0.0035840000000000004,0.4,-7.12
-0.003576,0.32,-6.8
-0.003568,0.24,-6.4
-0.0035600000000000007,0.24,-6.0
-0.0035520000000000005,0.24,-5.5200000000000005
-0.0035440000000000003,0.16,-5.2
-0.003536,0.08,-4.64
-0.0035280000000000008,0.08,-4.24
-0.0035200000000000006,0.0,-3.7600000000000002
-0.0035120000000000004,0.0,-3.2800000000000002
-0.003504,-0.16,-2.8000000000000003
-0.003496,-0.08,-2.24
-0.0034880000000000006,-0.16,-1.76
-0.0034800000000000005,-0.16,-1.28
-0.0034720000000000003,-0.32,-0.72
-0.003464,-0.32,-0.24
-0.0034560000000000007,-0.32,0.24
-0.0034480000000000005,-0.32,0.8
-0.0034400000000000003,-0.4,1.28
-0.003432,-0.4,1.84
-0.003424,-0.48,2.32
-0.0034160000000000006,-0.48,2.8000000000000003
-0.0034080000000000004,-0.56,3.2800000000000002
-0.0034000000000000002,-0.56,3.7600000000000002
-0.003392,-0.56,4.24
-0.0033840000000000007,-0.64,4.64
-0.0033760000000000005,-0.64,5.2
-0.0033680000000000003,-0.72,5.6000000000000005
-0.00336,-0.72,6.08
-0.003352,-0.72,6.48
-0.0033440000000000006,-0.8,6.8
-0.0033360000000000004,-0.8,7.28
-0.0033280000000000002,-0.88,7.6000000000000005
-0.00332,-0.8,7.84
-0.0033120000000000007,-0.8,8.24
-0.0033040000000000005,-0.8,8.48
-0.0032960000000000003,-0.8,8.88
-0.003288,-0.8,9.040000000000001
-0.003280000000000001,-0.8,9.36
-0.0032720000000000006,-0.8,9.52
-0.0032640000000000004,-0.88,9.68
-0.003256,-0.8,9.92
-0.003248,-0.88,10.0
-0.0032400000000000007,-0.8,10.16
-0.0032320000000000005,-0.8,10.16
-0.0032240000000000003,-0.8,10.16
-0.003216,-0.8,10.16
-0.0032080000000000008,-0.88,10.16
-0.0032000000000000006,-0.8,10.16
-0.0031920000000000004,-0.72,10.16
-0.003184,-0.72,10.16
-0.003176,-0.8,10.08
-0.0031680000000000007,-0.72,9.92
-0.0031600000000000005,-0.64,9.76
-0.0031520000000000003,-0.64,9.68
-0.003144,-0.56,9.44
-0.0031360000000000008,-0.56,9.200000000000001
-0.0031280000000000006,-0.56,9.040000000000001
-0.0031200000000000004,-0.48,8.8
-0.003112,-0.48,8.48
-0.003104,-0.4,8.16
-0.0030960000000000007,-0.4,7.84
-0.0030880000000000005,-0.32,7.44
-0.0030800000000000003,-0.32,7.04
-0.003072,-0.24,6.640000000000001
-0.0030640000000000008,-0.32,6.32
-0.0030560000000000006,-0.16,5.92
-0.0030480000000000004,-0.24,5.44
-0.00304,-0.08,5.04
-0.003032,-0.08,4.48
-0.0030240000000000006,0.0,4.16
-0.0030160000000000005,-0.08,3.6
-0.0030080000000000003,0.08,3.12
-0.003,0.08,2.56
-0.0029920000000000007,0.16,2.16
-0.0029840000000000005,0.24,1.68
-0.0029760000000000003,0.24,1.12
-0.002968,0.32,0.56
-0.002960000000000001,0.24,0.0
-0.0029520000000000006,0.32,-0.4
-0.0029440000000000004,0.4,-1.04
-0.0029360000000000002,0.48,-1.44
-0.002928,0.48,-2.0
-0.0029200000000000007,0.56,-2.4
-0.0029120000000000005,0.56,-3.04
-0.0029040000000000003,0.48,-3.52
-0.002896,0.64,-4.0
-0.002888000000000001,0.56,-4.4
-0.0028800000000000006,0.72,-4.88
-0.0028720000000000004,0.72,-5.28
-0.0028640000000000002,0.72,-5.84
-0.002856,0.72,-6.16
-0.0028480000000000007,0.8,-6.5600000000000005
-0.0028400000000000005,0.72,-7.04
-0.0028320000000000003,0.88,-7.28
-0.002824,0.8,-7.68
-0.002816000000000001,0.88,-8.0
-0.0028080000000000006,0.88,-8.32
-0.0028000000000000004,0.88,-8.56
-0.002792,0.8,-8.88
-0.002784,0.8,-9.120000000000001
-0.0027760000000000007,0.8,-9.44
-0.0027680000000000005,0.88,-9.6
-0.0027600000000000003,0.88,-9.68
-0.002752,0.96,-9.92
-0.0027440000000000008,0.88,-10.08
-0.0027360000000000006,0.88,-10.08
-0.0027280000000000004,0.88,-10.16
-0.00272,0.88,-10.16
-0.002712,0.88,-10.16
-0.0027040000000000007,0.88,-10.16
-0.0026960000000000005,0.8,-10.16
-0.0026880000000000003,0.8,-10.16
-0.00268,0.72,-10.08
-0.0026720000000000008,0.72,-10.08
-0.0026640000000000006,0.72,-9.84
-0.0026560000000000004,0.72,-9.76
-0.002648,0.64,-9.52
-0.00264,0.56,-9.36
-0.0026320000000000007,0.56,-9.120000000000001
-0.0026240000000000005,0.56,-8.8
-0.0026160000000000003,0.48,-8.56
-0.002608,0.48,-8.24
-0.0026000000000000007,0.4,-7.92
-0.0025920000000000006,0.4,-7.6000000000000005
-0.0025840000000000004,0.32,-7.28
-0.002576,0.32,-6.96
-0.002568000000000001,0.32,-6.48
-0.0025600000000000006,0.16,-6.08
-0.0025520000000000004,0.24,-5.68
-0.0025440000000000003,0.16,-5.2
-0.002536,0.16,-4.72
-0.0025280000000000007,0.08,-4.32
-0.0025200000000000005,-0.08,-3.7600000000000002
-0.0025120000000000003,0.0,-3.36
-0.002504,-0.16,-2.88
-0.002496000000000001,-0.16,-2.32
-0.0024880000000000006,-0.24,-1.84
-0.0024800000000000004,-0.16,-1.28
-0.0024720000000000002,-0.32,-0.88
-0.002464,-0.24,-0.32
-0.0024560000000000007,-0.32,0.16
-0.0024480000000000005,-0.32,0.72
-0.0024400000000000003,-0.4,1.28
-0.002432,-0.48,1.76
-0.002424000000000001,-0.56,2.32
-0.0024160000000000006,-0.48,2.72
-0.0024080000000000004,-0.56,3.2800000000000002
-0.0024000000000000002,-0.56,3.7600000000000002
-0.002392,-0.56,4.24
-0.0023840000000000007,-0.64,4.72
-0.0023760000000000005,-0.64,4.96
-0.0023680000000000003,-0.72,5.6000000000000005
-0.00236,-0.72,6.0
-0.002352000000000001,-0.72,6.4
-0.0023440000000000006,-0.72,6.8
-0.0023360000000000004,-0.8,7.2
-0.002328,-0.8,7.5200000000000005
-0.00232,-0.8,7.92
-0.0023120000000000007,-0.8,8.16
-0.0023040000000000005,-0.8,8.56
-0.0022960000000000003,-0.8,8.8
-0.002288,-0.88,8.96
-0.0022800000000000008,-0.96,9.28
-0.0022720000000000006,-0.96,9.44
-0.0022640000000000004,-0.96,9.6
-0.002256,-0.8,9.84
-0.002248,-0.88,10.0
-0.0022400000000000007,-0.8,10.08
-0.0022320000000000005,-0.8,10.16
-0.0022240000000000003,-0.8,10.16
-0.002216,-0.8,10.16
-0.0022080000000000008,-0.8,10.16
-0.0022000000000000006,-0.8,10.16
-0.0021920000000000004,-0.72,10.16
-0.002184,-0.72,10.16
-0.002176000000000001,-0.72,10.08
-0.0021680000000000007,-0.72,9.92
-0.0021600000000000005,-0.64,9.76
-0.0021520000000000003,-0.64,9.6
-0.002144,-0.56,9.44
-0.0021360000000000007,-0.64,9.200000000000001
-0.0021280000000000006,-0.56,8.96
-0.0021200000000000004,-0.48,8.72
-0.002112,-0.48,8.4
-0.002104000000000001,-0.4,8.08
-0.0020960000000000006,-0.4,7.76
-0.0020880000000000004,-0.4,7.44
-0.0020800000000000003,-0.4,7.04
-0.002072,-0.32,6.640000000000001
-0.0020640000000000007,-0.24,6.24
-0.0020560000000000005,-0.16,5.84
-0.0020480000000000003,-0.16,5.44
-0.00204,-0.08,4.96
-0.002032000000000001,-0.08,4.48
-0.0020240000000000006,0.0,4.08
-0.0020160000000000004,0.0,3.52
-0.0020080000000000002,0.08,3.12
-0.002,0.16,2.64
-0.0019920000000000007,0.16,2.08
-0.0019840000000000005,0.24,1.68
-0.0019760000000000003,0.24,1.04
-0.001968,0.24,0.56
-0.001960000000000001,0.32,0.0
-0.0019520000000000006,0.32,-0.48
-0.0019440000000000004,0.4,-1.04
-0.0019360000000000002,0.48,-1.52
-0.001928,0.48,-2.0
-0.0019200000000000007,0.56,-2.56
-0.0019120000000000005,0.56,-2.96
-0.0019040000000000003,0.48,-3.52
-0.0018960000000000001,0.64,-4.0
-0.0018880000000000008,0.56,-4.48
-0.0018800000000000006,0.72,-4.88
-0.0018720000000000004,0.72,-5.36
-0.0018640000000000002,0.72,-5.92
-0.001856,0.72,-6.16
-0.0018480000000000007,0.8,-6.72
-0.0018400000000000005,0.8,-7.04
-0.0018320000000000003,0.8,-7.36
-0.001824,0.88,-7.68
-0.0018160000000000008,0.88,-8.0
-0.0018080000000000006,0.88,-8.4
-0.0018000000000000004,0.8,-8.72
-0.0017920000000000002,0.88,-8.88
-0.0017840000000000009,0.96,-9.200000000000001
-0.0017760000000000007,0.88,-9.44
-0.0017680000000000005,0.88,-9.6
-0.0017600000000000003,0.88,-9.76
-0.001752,0.88,-9.92
-0.0017440000000000008,0.88,-10.0
-0.0017360000000000006,0.88,-10.16
-0.0017280000000000004,0.88,-10.16
-0.0017200000000000002,0.88,-10.16
-0.0017120000000000008,0.88,-10.16
-0.0017040000000000007,0.8,-10.16
-0.0016960000000000005,0.8,-10.16
-0.0016880000000000003,0.72,-10.16
-0.00168,0.8,-10.16
-0.0016720000000000007,0.72,-10.0
-0.0016640000000000005,0.72,-9.84
-0.0016560000000000004,0.64,-9.76
-0.0016480000000000002,0.64,-9.52
-0.0016400000000000008,0.64,-9.28
-0.0016320000000000006,0.56,-9.120000000000001
-0.0016240000000000004,0.56,-8.88
-0.0016160000000000002,0.56,-8.56
-0.001608,0.48,-8.24
-0.0016000000000000007,0.48,-8.0
-0.0015920000000000005,0.4,-7.6000000000000005
-0.0015840000000000003,0.4,-7.2
-0.0015760000000000001,0.32,-6.96
-0.0015680000000000008,0.24,-6.48
-0.0015600000000000006,0.24,-6.08
-0.0015520000000000004,0.16,-5.6000000000000005
-0.0015440000000000002,0.16,-5.2
-0.001536,0.08,-4.72
-0.0015280000000000007,0.0,-4.32
-0.0015200000000000005,0.0,-3.84
-0.0015120000000000003,0.0,-3.36
-0.0015040000000000001,-0.16,-2.8000000000000003
-0.0014960000000000008,-0.08,-2.32
-0.0014880000000000006,-0.24,-1.84
-0.0014800000000000004,-0.16,-1.36
-0.0014720000000000002,-0.24,-0.88
-0.0014640000000000009,-0.32,-0.4
-0.0014560000000000007,-0.4,0.24
-0.0014480000000000005,-0.32,0.72
-0.0014400000000000003,-0.48,1.28
-0.0014320000000000001,-0.4,1.68
-0.0014240000000000008,-0.48,2.24
-0.0014160000000000006,-0.48,2.72
-0.0014080000000000004,-0.56,3.2
-0.0014000000000000002,-0.56,3.7600000000000002
-0.0013920000000000009,-0.56,4.24
-0.0013840000000000007,-0.72,4.64
-0.0013760000000000005,-0.64,5.12
-0.0013680000000000003,-0.72,5.5200000000000005
-0.00136,-0.72,5.92
-0.0013520000000000008,-0.72,6.32
-0.0013440000000000006,-0.72,6.8
-0.0013360000000000004,-0.72,7.2
-0.0013280000000000002,-0.88,7.5200000000000005
-0.0013200000000000009,-0.8,7.92
-0.0013120000000000007,-0.8,8.24
-0.0013040000000000005,-0.88,8.48
-0.0012960000000000003,-0.8,8.8
-0.001288,-0.88,9.040000000000001
-0.0012800000000000008,-0.8,9.28
-0.0012720000000000006,-0.88,9.44
-0.0012640000000000004,-0.96,9.68
-0.0012560000000000002,-0.8,9.84
-0.0012480000000000008,-0.8,10.0
-0.0012400000000000007,-0.8,10.08
-0.0012320000000000005,-0.8,10.16
-0.0012240000000000003,-0.8,10.16
-0.001216,-0.8,10.16
-0.0012080000000000007,-0.88,10.16
-0.0012000000000000005,-0.72,10.16
-0.0011920000000000004,-0.72,10.16
-0.0011840000000000002,-0.8,10.16
-0.0011760000000000008,-0.8,10.08
-0.0011680000000000006,-0.72,9.92
-0.0011600000000000004,-0.64,9.68
-0.0011520000000000002,-0.72,9.6
-0.001144,-0.64,9.36
-0.0011360000000000007,-0.56,9.200000000000001
-0.0011280000000000005,-0.56,8.96
-0.0011200000000000003,-0.48,8.72
-0.0011120000000000001,-0.48,8.4
-0.0011040000000000008,-0.4,8.0
-0.0010960000000000006,-0.48,7.76
-0.0010880000000000004,-0.32,7.36
-0.0010800000000000002,-0.32,7.04
-0.001072000000000001,-0.24,6.640000000000001
-0.0010640000000000007,-0.32,6.16
-0.0010560000000000005,-0.16,5.84
-0.0010480000000000003,-0.16,5.44
-0.0010400000000000001,-0.08,4.96
-0.0010320000000000008,-0.08,4.5600000000000005
-0.0010240000000000006,0.0,4.0
-0.0010160000000000004,-0.08,3.6
-0.0010080000000000002,0.08,3.04
-0.0010000000000000009,0.08,2.56
-0.0009920000000000007,0.16,2.08
-0.0009840000000000005,0.08,1.52
-0.0009760000000000003,0.24,1.12
-0.0009680000000000001,0.24,0.48
-0.0009600000000000008,0.32,0.08
-0.0009520000000000006,0.4,-0.48
-0.0009440000000000004,0.48,-1.04
-0.0009360000000000002,0.4,-1.52
-0.0009280000000000009,0.48,-2.08
-0.0009200000000000007,0.48,-2.56
-0.0009120000000000005,0.56,-3.04
-0.0009040000000000003,0.64,-3.52
-0.0008960000000000001,0.56,-3.92
-0.0008880000000000008,0.64,-4.48
-0.0008800000000000006,0.64,-4.88
-0.0008720000000000004,0.72,-5.36
-0.0008640000000000002,0.8,-5.76
-0.0008560000000000009,0.8,-6.24
-0.0008480000000000007,0.72,-6.72
-0.0008400000000000005,0.8,-6.96
-0.0008320000000000003,0.88,-7.44
-0.0008240000000000001,0.88,-7.68
-0.0008160000000000008,0.88,-8.0
-0.0008080000000000006,0.88,-8.4
-0.0008000000000000004,0.88,-8.64
-0.0007920000000000002,0.88,-9.040000000000001
-0.0007840000000000008,0.88,-9.200000000000001
-0.0007760000000000006,0.8,-9.36
-0.0007680000000000005,0.88,-9.6
-0.0007600000000000003,0.88,-9.76
-0.0007520000000000001,0.88,-10.0
-0.0007440000000000007,0.88,-10.0
-0.0007360000000000005,0.88,-10.16
-0.0007280000000000003,0.88,-10.16
-0.0007200000000000002,0.88,-10.16
-0.0007120000000000008,0.88,-10.16
-0.0007040000000000006,0.72,-10.16
-0.0006960000000000004,0.8,-10.16
-0.0006880000000000002,0.8,-10.16
-0.0006800000000000009,0.72,-10.16
-0.0006720000000000007,0.72,-10.08
-0.0006640000000000005,0.72,-10.0
-0.0006560000000000003,0.64,-9.68
-0.0006480000000000001,0.64,-9.6
-0.0006400000000000008,0.64,-9.28
-0.0006320000000000006,0.56,-9.120000000000001
-0.0006240000000000004,0.56,-8.8
-0.0006160000000000002,0.48,-8.56
-0.0006080000000000009,0.48,-8.24
-0.0006000000000000007,0.48,-7.92
-0.0005920000000000005,0.4,-7.6000000000000005
-0.0005840000000000003,0.32,-7.2
-0.0005760000000000001,0.32,-6.8
-0.0005680000000000008,0.32,-6.48
-0.0005600000000000006,0.24,-6.08
-0.0005520000000000004,0.16,-5.68
-0.0005440000000000002,0.16,-5.2
-0.0005360000000000009,0.08,-4.72
-0.0005280000000000007,0.0,-4.4
-0.0005200000000000005,0.0,-3.84
-0.0005120000000000003,0.0,-3.36
-0.0005040000000000001,-0.16,-2.8000000000000003
-0.0004960000000000008,-0.16,-2.32
-0.0004880000000000006,-0.16,-1.84
-0.0004800000000000004,-0.24,-1.36
-0.0004720000000000002,-0.24,-0.88
-0.00046400000000000087,-0.24,-0.32
-0.0004560000000000007,-0.32,0.16
-0.0004480000000000005,-0.32,0.72
-0.0004400000000000003,-0.48,1.2
-0.0004320000000000001,-0.4,1.76
-0.00042400000000000077,-0.48,2.24
-0.00041600000000000057,-0.56,2.72
-0.0004080000000000004,-0.56,3.2
-0.0004000000000000002,-0.56,3.7600000000000002
-0.00039200000000000085,-0.64,4.16
-0.00038400000000000066,-0.64,4.5600000000000005
-0.00037600000000000047,-0.64,5.04
-0.00036800000000000027,-0.72,5.5200000000000005
-0.00036000000000000094,-0.72,6.0
-0.00035200000000000075,-0.72,6.4
-0.00034400000000000056,-0.72,6.8
-0.00033600000000000036,-0.88,7.12
-0.00032800000000000017,-0.8,7.5200000000000005
-0.00032000000000000084,-0.8,7.84
-0.00031200000000000064,-0.8,8.16
-0.00030400000000000045,-0.8,8.48
-0.00029600000000000026,-0.88,8.72
-0.00028800000000000093,-0.88,8.96
-0.00028000000000000073,-0.88,9.200000000000001
-0.00027200000000000054,-0.8,9.44
-0.00026400000000000035,-0.88,9.6
-0.00025600000000000015,-0.88,9.84
-0.0002480000000000008,-0.8,10.0
-0.00024000000000000063,-0.8,10.0
-0.00023200000000000044,-0.8,10.16
-0.00022400000000000024,-0.8,10.16
-0.0002160000000000009,-0.8,10.16
-0.00020800000000000072,-0.8,10.16
-0.00020000000000000052,-0.8,10.16
-0.00019200000000000033,-0.72,10.16
-0.00018400000000000014,-0.72,10.16
-0.0001760000000000008,-0.72,10.08
-0.00016799999999999975,-0.72,9.92
-0.00016000000000000042,-0.64,9.76
-0.0001520000000000011,-0.64,9.6
-0.00014400000000000003,-0.56,9.36
-0.0001360000000000007,-0.56,9.200000000000001
-0.00012800000000000138,-0.48,8.96
-0.00012000000000000031,-0.48,8.72
-0.00011200000000000099,-0.48,8.4
-0.00010399999999999993,-0.4,8.16
-9.60000000000006e-05,-0.4,7.68
-8.800000000000127e-05,-0.32,7.44
-8.000000000000021e-05,-0.32,7.04
-7.200000000000088e-05,-0.24,6.640000000000001
-6.399999999999982e-05,-0.24,6.24
-5.6000000000000494e-05,-0.24,5.84
-4.800000000000117e-05,-0.24,5.44
-4.0000000000000105e-05,-0.08,4.96
-3.200000000000078e-05,0.0,4.48
-2.3999999999999716e-05,0.0,4.08
-1.600000000000039e-05,0.0,3.52
-8.000000000001062e-06,0.08,3.12
0.0,0.16,2.56
7.999999999999327e-06,0.08,2.08
1.5999999999998654e-05,0.24,1.52
2.3999999999999716e-05,0.16,1.04
3.199999999999904e-05,0.32,0.56
4.0000000000000105e-05,0.24,0.0
4.799999999999943e-05,0.4,-0.48
5.599999999999876e-05,0.4,-0.96
6.399999999999982e-05,0.48,-1.6
7.199999999999915e-05,0.48,-2.0
8.000000000000021e-05,0.48,-2.64
8.799999999999954e-05,0.56,-3.04
9.599999999999886e-05,0.48,-3.52
0.00010399999999999993,0.64,-4.0
0.00011199999999999925,0.64,-4.4
0.00012000000000000031,0.72,-4.88
0.00012799999999999964,0.72,-5.36
0.00013599999999999897,0.72,-5.84
0.00014400000000000003,0.72,-6.24
0.00015199999999999936,0.8,-6.640000000000001
0.00015999999999999868,0.8,-7.04
0.00016799999999999975,0.8,-7.36
0.00017599999999999907,0.8,-7.84
0.00018400000000000014,0.88,-8.0
0.00019199999999999946,0.88,-8.4
0.0001999999999999988,0.88,-8.64
0.00020799999999999985,0.88,-8.88
0.00021599999999999918,0.88,-9.200000000000001
0.00022400000000000024,0.88,-9.36
0.00023199999999999957,0.96,-9.6
0.0002399999999999989,0.88,-9.84
0.00024799999999999996,0.8,-9.92
0.0002559999999999993,0.88,-10.08
0.0002639999999999986,0.88,-10.08
0.00027199999999999967,0.88,-10.16
0.000279999999999999,0.88,-10.16
0.00028800000000000006,0.88,-10.16
0.0002959999999999994,0.8,-10.16
0.0003039999999999987,0.72,-10.16
0.0003119999999999998,0.8,-10.16
0.0003199999999999991,0.8,-10.16
0.00032800000000000017,0.64,-10.0
0.0003359999999999995,0.72,-9.92
0.0003439999999999988,0.64,-9.68
0.0003519999999999999,0.64,-9.44
0.0003599999999999992,0.56,-9.28
0.00036800000000000027,0.56,-9.120000000000001
0.0003759999999999996,0.56,-8.88
0.0003839999999999989,0.48,-8.56
0.000392,0.48,-8.24
0.0003999999999999993,0.4,-7.92
0.00040799999999999864,0.4,-7.6000000000000005
0.0004159999999999997,0.24,-7.2
0.00042399999999999903,0.32,-6.88
0.0004320000000000001,0.32,-6.48
0.0004399999999999994,0.24,-6.08
0.00044799999999999875,0.16,-5.6000000000000005
0.0004559999999999998,0.16,-5.28
0.00046399999999999914,0.0,-4.72
0.0004720000000000002,0.08,-4.24
0.0004799999999999995,0.0,-3.84
0.00048799999999999885,0.0,-3.36
0.0004959999999999999,-0.16,-2.88
0.0005039999999999992,-0.16,-2.32
0.0005120000000000003,-0.16,-1.84
0.0005199999999999996,-0.16,-1.36
0.000527999999999999,-0.32,-0.88
0.000536,-0.24,-0.32
0.0005439999999999993,-0.4,0.16
0.0005519999999999987,-0.4,0.72
0.0005599999999999997,-0.4,1.28
0.0005679999999999991,-0.4,1.76
0.0005760000000000001,-0.48,2.24
0.0005839999999999995,-0.48,2.8000000000000003
0.0005919999999999988,-0.56,3.2800000000000002
0.0005999999999999998,-0.56,3.7600000000000002
0.0006079999999999992,-0.64,4.24
0.0006160000000000002,-0.64,4.5600000000000005
0.0006239999999999996,-0.64,5.12
0.0006319999999999989,-0.72,5.5200000000000005
0.0006399999999999999,-0.8,6.0
0.0006479999999999993,-0.72,6.32
0.0006559999999999986,-0.8,6.8
0.0006639999999999997,-0.88,7.04
0.000671999999999999,-0.88,7.5200000000000005
0.00068,-0.8,7.92
0.0006879999999999994,-0.88,8.16
0.0006959999999999987,-0.96,8.48
0.0007039999999999998,-0.8,8.8
0.0007119999999999991,-0.8,9.040000000000001
0.0007200000000000002,-0.8,9.28
0.0007279999999999995,-0.88,9.44
0.0007359999999999988,-0.96,9.6
0.0007439999999999999,-0.88,9.84
0.0007519999999999992,-0.88,10.0
0.0007600000000000003,-0.88,10.08
0.0007679999999999996,-0.88,10.16
0.0007759999999999989,-0.8,10.16
0.000784,-0.8,10.16
0.0007919999999999993,-0.8,10.16
0.0007999999999999986,-0.8,10.16
0.0008079999999999997,-0.8,10.16
0.000815999999999999,-0.72,10.16
0.0008240000000000001,-0.72,10.08
0.0008319999999999994,-0.64,9.92
0.0008399999999999987,-0.72,9.76
0.0008479999999999998,-0.64,9.6
0.0008559999999999991,-0.56,9.44
0.0008640000000000002,-0.56,9.200000000000001
0.0008719999999999995,-0.48,8.88
0.0008799999999999988,-0.48,8.72
0.0008879999999999999,-0.56,8.4
0.0008959999999999992,-0.4,8.08
0.0009040000000000003,-0.4,7.76
0.0009119999999999996,-0.4,7.36
0.0009199999999999989,-0.32,7.04
0.000928,-0.24,6.5600000000000005
0.0009359999999999993,-0.32,6.24
0.0009439999999999987,-0.16,5.84
0.0009519999999999997,-0.16,5.44
0.000959999999999999,-0.16,4.96
0.0009680000000000001,-0.08,4.48
0.0009759999999999994,0.0,4.0
0.0009839999999999988,-0.08,3.6
0.0009919999999999998,0.0,3.04
0.0009999999999999992,0.08,2.64
0.0010080000000000002,0.16,2.08
0.0010159999999999995,0.16,1.6
0.0010239999999999989,0.24,1.12
0.001032,0.24,0.56
0.0010399999999999993,0.24,0.0
0.0010479999999999986,0.32,-0.48
0.0010559999999999996,0.4,-0.96
0.001063999999999999,0.4,-1.52
0.001072,0.4,-2.08
0.0010799999999999994,0.48,-2.48
0.0010879999999999987,0.56,-3.04
0.0010959999999999998,0.48,-3.52
0.001103999999999999,0.64,-4.08
0.0011120000000000001,0.64,-4.48
0.0011199999999999995,0.64,-4.96
0.0011279999999999988,0.72,-5.36
0.0011359999999999999,0.64,-5.76
0.0011439999999999992,0.72,-6.16
0.0011520000000000002,0.8,-6.640000000000001
0.0011599999999999996,0.8,-6.96
0.001167999999999999,0.72,-7.36
0.001176,0.72,-7.76
0.0011839999999999993,0.88,-8.08
0.0011919999999999986,0.88,-8.32
0.0011999999999999997,0.88,-8.64
0.001207999999999999,0.8,-8.96
0.001216,0.88,-9.120000000000001
0.0012239999999999994,0.88,-9.36
0.0012319999999999987,0.88,-9.6
0.0012399999999999998,0.8,-9.84
0.0012479999999999991,0.88,-9.92
0.0012560000000000002,0.88,-10.08
0.0012639999999999995,0.88,-10.16
0.0012719999999999988,0.88,-10.16
0.0012799999999999999,0.88,-10.16
0.0012879999999999992,0.8,-10.16
0.0012960000000000003,0.88,-10.16
0.0013039999999999996,0.72,-10.16
0.001311999999999999,0.8,-10.16
0.00132,0.72,-10.08
0.0013279999999999993,0.72,-10.0
0.0013359999999999986,0.72,-9.84
0.0013439999999999997,0.64,-9.68
0.001351999999999999,0.64,-9.52
0.00136,0.64,-9.28
0.0013679999999999994,0.56,-9.040000000000001
0.0013759999999999988,0.56,-8.8
0.0013839999999999998,0.4,-8.64
0.0013919999999999991,0.48,-8.32
0.0014000000000000002,0.4,-7.92
0.0014079999999999995,0.4,-7.6000000000000005
0.0014159999999999989,0.4,-7.2
0.001424,0.32,-6.88
0.0014319999999999992,0.24,-6.48
0.0014399999999999986,0.24,-6.0
0.0014479999999999996,0.24,-5.68
0.001455999999999999,0.08,-5.2
0.001464,0.16,-4.8
0.0014719999999999994,0.08,-4.32
0.0014799999999999987,0.0,-3.84
0.0014879999999999997,0.0,-3.36
0.001495999999999999,-0.08,-2.88
0.0015040000000000001,-0.08,-2.32
0.0015119999999999995,-0.16,-1.84
0.0015199999999999988,-0.16,-1.36
0.0015279999999999998,-0.24,-0.88
0.0015359999999999992,-0.24,-0.32
0.0015440000000000002,-0.32,0.16
0.0015519999999999996,-0.32,0.72
0.0015599999999999989,-0.48,1.28
0.001568,-0.4,1.6
0.0015759999999999993,-0.48,2.32
0.0015839999999999986,-0.48,2.8000000000000003
0.0015919999999999997,-0.56,3.2800000000000002
0.001599999999999999,-0.56,3.7600000000000002
0.001608,-0.56,4.24
0.0016159999999999994,-0.72,4.64
0.0016239999999999987,-0.64,5.12
0.0016319999999999998,-0.72,5.5200000000000005
0.001639999999999999,-0.72,5.92
0.0016480000000000002,-0.72,6.4
0.0016559999999999995,-0.72,6.8
0.0016639999999999988,-0.88,7.04
0.0016719999999999999,-0.8,7.5200000000000005
0.0016799999999999992,-0.8,7.84
0.0016879999999999985,-0.8,8.16
0.0016959999999999996,-0.88,8.48
0.001703999999999999,-0.88,8.8
0.001712,-0.88,9.040000000000001
0.0017199999999999993,-0.88,9.28
0.0017279999999999986,-0.88,9.52
0.0017359999999999997,-0.8,9.6
0.001743999999999999,-0.88,9.84
0.001752,-0.8,9.92
0.0017599999999999994,-0.8,10.08
0.0017679999999999987,-0.8,10.16
0.0017759999999999998,-0.8,10.16
0.0017839999999999991,-0.8,10.16
0.0017920000000000002,-0.8,10.16
0.0017999999999999995,-0.8,10.16
0.0018079999999999988,-0.72,10.16
0.001816,-0.72,10.16
0.0018239999999999992,-0.8,10.0
0.0018319999999999986,-0.8,9.92
0.0018399999999999996,-0.64,9.76
0.001847999999999999,-0.64,9.6
0.001856,-0.56,9.44
0.0018639999999999993,-0.56,9.200000000000001
0.0018719999999999987,-0.64,8.88
0.0018799999999999997,-0.48,8.72
0.001887999999999999,-0.48,8.4
0.0018960000000000001,-0.4,8.08
0.0019039999999999994,-0.48,7.68
0.0019119999999999988,-0.4,7.44
0.0019199999999999998,-0.32,7.04
0.0019279999999999992,-0.32,6.640000000000001
0.0019360000000000002,-0.24,6.24
0.0019439999999999995,-0.16,5.84
0.0019519999999999989,-0.16,5.44
0.00196,-0.08,4.96
0.0019679999999999993,-0.08,4.48
0.0019759999999999986,0.0,4.08
0.0019839999999999997,0.0,3.52
0.001991999999999999,0.08,3.12
0.002,0.16,2.56
0.0020079999999999994,0.16,2.08
0.0020159999999999987,0.24,1.6
0.0020239999999999998,0.24,0.96
0.002031999999999999,0.32,0.56
0.00204,0.32,0.0
0.0020479999999999995,0.4,-0.48
0.002055999999999999,0.4,-1.04
0.002064,0.48,-1.52
0.002071999999999999,0.4,-2.0
0.0020799999999999985,0.56,-2.56
0.0020879999999999996,0.56,-3.04
0.002095999999999999,0.56,-3.52
0.002104,0.64,-4.0
0.0021119999999999993,0.64,-4.4
0.0021199999999999986,0.64,-4.88
0.0021279999999999997,0.72,-5.36
0.002135999999999999,0.72,-5.76
0.002144,0.72,-6.16
0.0021519999999999994,0.8,-6.5600000000000005
0.0021599999999999987,0.8,-7.04
0.002168,0.8,-7.36
0.002175999999999999,0.88,-7.76
0.002184,0.88,-8.0
0.0021919999999999995,0.88,-8.32
0.002199999999999999,0.88,-8.64
0.002208,0.88,-8.88
0.0022159999999999992,0.88,-9.120000000000001
0.0022239999999999985,0.88,-9.36
0.0022319999999999996,0.8,-9.52
0.002239999999999999,0.8,-9.76
0.002248,0.88,-9.92
0.0022559999999999993,0.88,-10.0
0.0022639999999999987,0.88,-10.16
0.0022719999999999997,0.88,-10.16
0.002279999999999999,0.88,-10.16
0.002288,0.8,-10.16
0.0022959999999999994,0.8,-10.16
0.0023039999999999988,0.8,-10.16
0.002312,0.72,-10.16
0.002319999999999999,0.72,-10.08
0.002328,0.72,-10.0
0.0023359999999999995,0.72,-9.92
0.002343999999999999,0.72,-9.68
0.002352,0.64,-9.52
0.0023599999999999993,0.64,-9.36
0.0023679999999999986,0.56,-9.120000000000001
0.0023759999999999996,0.56,-8.8
0.002383999999999999,0.48,-8.48
0.002392,0.48,-8.24
0.0023999999999999994,0.4,-7.92
0.0024079999999999987,0.4,-7.6000000000000005
0.0024159999999999997,0.32,-7.2
0.002423999999999999,0.32,-6.96
0.002432,0.32,-6.48
0.0024399999999999995,0.24,-6.08
0.002447999999999999,0.16,-5.6000000000000005
0.002456,0.16,-5.2
0.002463999999999999,0.16,-4.8
0.0024719999999999985,0.08,-4.24
0.0024799999999999996,0.0,-3.84
0.002487999999999999,0.0,-3.36
0.002496,-0.08,-2.88
0.0025039999999999993,-0.08,-2.32
0.0025119999999999986,-0.24,-1.92
0.0025199999999999997,-0.16,-1.36
0.002527999999999999,-0.24,-0.8
0.002536,-0.32,-0.32
0.0025439999999999994,-0.32,0.24
0.0025519999999999987,-0.4,0.72
0.0025599999999999998,-0.4,1.28
0.002567999999999999,-0.48,1.76
0.002576,-0.4,2.16
0.0025839999999999995,-0.48,2.8000000000000003
0.002591999999999999,-0.56,3.2800000000000002
0.0026,-0.56,3.7600000000000002
0.002607999999999999,-0.64,4.16
0.0026159999999999985,-0.64,4.64
0.0026239999999999996,-0.64,5.12
0.002631999999999999,-0.72,5.6000000000000005
0.00264,-0.72,6.0
0.0026479999999999993,-0.72,6.4
0.0026559999999999986,-0.8,6.8
0.0026639999999999997,-0.72,7.2
0.002671999999999999,-0.8,7.5200000000000005
0.00268,-0.8,7.92
0.0026879999999999994,-0.8,8.24
0.0026959999999999987,-0.8,8.48
0.002704,-0.88,8.8
0.002711999999999999,-0.8,9.040000000000001
0.00272,-0.88,9.28
0.0027279999999999995,-0.8,9.44
0.002735999999999999,-0.88,9.68
0.002744,-0.88,9.84
0.0027519999999999992,-0.88,10.0
0.0027599999999999986,-0.88,10.08
0.0027679999999999996,-0.88,10.16
0.002775999999999999,-0.8,10.16
0.002784,-0.8,10.16
0.0027919999999999993,-0.8,10.16
0.0027999999999999987,-0.8,10.16
0.0028079999999999997,-0.8,10.16
0.002815999999999999,-0.72,10.16
0.002824,-0.64,10.08
0.0028319999999999994,-0.72,9.92
0.0028399999999999988,-0.64,9.76
0.002848,-0.64,9.68
0.002855999999999999,-0.56,9.44
0.0028639999999999985,-0.56,9.200000000000001
0.0028719999999999996,-0.48,8.88
0.002879999999999999,-0.48,8.72
0.002888,-0.48,8.4
0.0028959999999999993,-0.4,8.08
0.0029039999999999986,-0.48,7.68
0.0029119999999999997,-0.32,7.44
0.002919999999999999,-0.24,7.04
0.002928,-0.24,6.72
0.0029359999999999994,-0.24,6.24
0.0029439999999999987,-0.16,5.76
0.0029519999999999998,-0.16,5.44
0.002959999999999999,-0.08,4.96
0.002968,-0.08,4.48
0.0029759999999999995,0.0,4.08
0.002983999999999999,0.0,3.6
0.002992,0.08,2.96
0.002999999999999999,0.08,2.64
0.0030079999999999985,0.16,2.08
0.0030159999999999996,0.24,1.6
0.003023999999999999,0.24,1.12
0.003032,0.32,0.56
0.0030399999999999993,0.32,0.08
0.0030479999999999986,0.4,-0.56
0.0030559999999999997,0.4,-1.04
0.003063999999999999,0.4,-1.52
0.003072,0.48,-2.08
0.0030799999999999994,0.48,-2.48
0.0030879999999999987,0.56,-3.04
0.003096,0.48,-3.52
0.003103999999999999,0.64,-3.92
0.003112,0.56,-4.4
0.0031199999999999995,0.64,-4.88
0.003127999999999999,0.72,-5.36
0.003136,0.72,-5.76
0.0031439999999999992,0.72,-6.16
0.0031519999999999986,0.8,-6.5600000000000005
0.0031599999999999996,0.8,-6.96
0.003167999999999999,0.8,-7.36
0.003176,0.8,-7.68
0.0031839999999999993,0.88,-8.0
0.0031919999999999987,0.88,-8.4
0.0031999999999999997,0.88,-8.72
0.003207999999999999,0.88,-8.88
0.003216,0.88,-9.120000000000001
0.0032239999999999994,0.88,-9.44
0.0032319999999999988,0.88,-9.6
0.00324,0.8,-9.76
0.003247999999999999,0.88,-9.92
0.0032559999999999985,0.88,-10.0
0.0032639999999999995,0.8,-10.16
0.003271999999999999,0.88,-10.16
0.00328,0.88,-10.16
0.0032879999999999993,0.8,-10.16
0.0032959999999999986,0.8,-10.16
0.0033039999999999996,0.72,-10.16
0.003311999999999999,0.8,-10.16
0.00332,0.72,-10.08
0.0033279999999999994,0.72,-10.0
0.0033359999999999987,0.64,-9.84
0.0033439999999999998,0.64,-9.68
0.003351999999999999,0.56,-9.52
0.00336,0.64,-9.36
0.0033679999999999995,0.56,-9.040000000000001
0.003375999999999999,0.56,-8.8
0.003384,0.56,-8.64
0.003391999999999999,0.48,-8.24
0.0033999999999999985,0.4,-7.92
0.0034079999999999996,0.4,-7.6000000000000005
0.003415999999999999,0.32,-7.2
0.003424,0.32,-6.8
0.0034319999999999993,0.24,-6.48
0.0034399999999999986,0.24,-6.0
0.0034479999999999997,0.16,-5.6000000000000005
0.003455999999999999,0.16,-5.2
0.003464,0.0,-4.72
0.0034719999999999994,0.08,-4.4
0.0034799999999999987,0.0,-3.84
0.0034879999999999998,0.0,-3.36
0.003495999999999999,-0.08,-2.8000000000000003
0.003504,-0.08,-2.32
0.0035119999999999995,-0.16,-1.84
0.003519999999999999,-0.16,-1.28
0.003528,-0.24,-0.88
0.003535999999999999,-0.32,-0.32
0.0035439999999999985,-0.32,0.16
0.0035519999999999996,-0.32,0.72
0.003559999999999999,-0.4,1.28
0.003568,-0.4,1.76
0.0035759999999999993,-0.56,2.24
0.0035839999999999986,-0.48,2.72
0.0035919999999999997,-0.56,3.2800000000000002
0.003599999999999999,-0.56,3.7600000000000002
0.003608,-0.64,4.16
0.0036159999999999994,-0.64,4.72
0.0036239999999999988,-0.64,5.12
0.003632,-0.72,5.6000000000000005
0.003639999999999999,-0.8,6.0
0.0036479999999999985,-0.72,6.4
0.0036559999999999995,-0.72,6.8
0.003663999999999999,-0.72,7.12
0.003672,-0.8,7.44
0.0036799999999999992,-0.8,7.92
0.0036879999999999986,-0.8,8.24
0.0036959999999999996,-0.8,8.48
0.003703999999999999,-0.8,8.8
0.003712,-0.8,9.040000000000001
0.0037199999999999993,-0.88,9.28
0.0037279999999999987,-0.88,9.52
0.0037359999999999997,-0.88,9.68
0.003743999999999999,-0.88,9.84
0.003752,-0.88,10.0
0.0037599999999999995,-0.88,10.08
0.0037679999999999988,-0.88,10.16
0.003776,-0.8,10.16
0.003783999999999999,-0.8,10.16
0.0037919999999999985,-0.88,10.16
0.0037999999999999996,-0.8,10.16
0.003807999999999999,-0.72,10.16
0.003816,-0.72,10.16
0.0038239999999999993,-0.72,10.0
0.0038319999999999986,-0.72,9.92
0.0038399999999999997,-0.64,9.76
0.003847999999999999,-0.64,9.6
0.003856,-0.56,9.44
0.0038639999999999994,-0.64,9.200000000000001
0.0038719999999999987,-0.56,8.96
0.0038799999999999998,-0.48,8.72
0.003887999999999999,-0.48,8.4
0.003896,-0.4,8.08
0.0039039999999999995,-0.48,7.76
0.003911999999999999,-0.4,7.44
0.00392,-0.24,7.04
0.003927999999999999,-0.24,6.72
0.0039359999999999985,-0.24,6.32
0.003944,-0.16,5.76
0.003951999999999999,-0.16,5.44
0.00396,-0.08,4.88
0.003967999999999999,-0.16,4.48
0.003975999999999999,0.0,4.08
0.003984,0.0,3.6
0.003991999999999999,0.08,3.12
0.004,0.16,2.56
0.004007999999999999,0.16,2.08
0.004015999999999999,0.16,1.6
0.004024,0.24,1.12
0.004031999999999999,0.24,0.56
0.0040399999999999985,0.32,0.0
0.0040479999999999995,0.32,-0.48
0.004055999999999999,0.4,-1.04
0.004064,0.4,-1.52
0.004071999999999999,0.48,-2.0
0.0040799999999999986,0.48,-2.48
0.004088,0.56,-2.96
0.004095999999999999,0.56,-3.52
0.004104,0.64,-4.0
0.004111999999999999,0.64,-4.4
0.004119999999999999,0.64,-4.88
0.004128,0.72,-5.36
0.004135999999999999,0.72,-5.76
0.004144,0.72,-6.24
0.0041519999999999994,0.72,-6.5600000000000005
0.004159999999999999,0.8,-6.96
0.004168,0.8,-7.28
0.004175999999999999,0.8,-7.68
0.0041839999999999985,0.88,-8.08
0.0041919999999999995,0.88,-8.32
0.004199999999999999,0.88,-8.72
0.004208,0.88,-8.88
0.004215999999999999,0.88,-9.120000000000001
0.004223999999999999,0.88,-9.36
0.004232,0.8,-9.68
0.004239999999999999,0.8,-9.84
0.004248,0.88,-9.92
0.004255999999999999,0.88,-10.0
0.004263999999999999,0.88,-10.16
0.004272,0.88,-10.16
0.004279999999999999,0.88,-10.16
0.004288,0.8,-10.16
0.0042959999999999995,0.8,-10.16
0.004303999999999999,0.72,-10.16
0.004312,0.8,-10.16
0.004319999999999999,0.72,-10.16
0.0043279999999999985,0.72,-10.0
0.004336,0.72,-9.92
0.004343999999999999,0.56,-9.68
0.004352,0.64,-9.44
0.004359999999999999,0.64,-9.36
0.004367999999999999,0.48,-9.040000000000001
0.004376,0.56,-8.8
0.004383999999999999,0.48,-8.56
0.004392,0.48,-8.24
0.004399999999999999,0.4,-7.92
0.004407999999999999,0.4,-7.6000000000000005
0.004416,0.32,-7.2
0.004423999999999999,0.32,-6.88
0.0044319999999999984,0.24,-6.4
0.0044399999999999995,0.24,-6.08
0.004447999999999999,0.16,-5.6000000000000005
0.004456,0.16,-5.2
0.004463999999999999,0.08,-4.72
0.0044719999999999985,0.08,-4.24
0.00448,-0.08,-3.84
0.004487999999999999,0.0,-3.2800000000000002
0.004496,-0.08,-2.8000000000000003
0.004503999999999999,-0.08,-2.32
0.004511999999999999,-0.16,-1.76
0.00452,-0.24,-1.36
0.004527999999999999,-0.24,-0.8
0.004536,-0.24,-0.4
0.004543999999999999,-0.32,0.24
0.004551999999999999,-0.32,0.8
0.00456,-0.4,1.28
0.004567999999999999,-0.4,1.84
0.0045759999999999985,-0.48,2.24
0.0045839999999999995,-0.48,2.72
0.004591999999999999,-0.56,3.2800000000000002
0.0046,-0.56,3.7600000000000002
0.004607999999999999,-0.56,4.24
0.004615999999999999,-0.72,4.64
0.004624,-0.64,5.12
0.004631999999999999,-0.64,5.6000000000000005
0.00464,-0.72,5.92
0.004647999999999999,-0.72,6.48
0.004655999999999999,-0.72,6.8
0.004664,-0.72,7.2
0.004671999999999999,-0.8,7.5200000000000005
0.004679999999999998,-0.88,7.92
0.0046879999999999995,-0.8,8.24
0.004695999999999999,-0.88,8.48
0.004704,-0.8,8.8
0.004711999999999999,-0.8,9.120000000000001
0.0047199999999999985,-0.8,9.200000000000001
0.0047279999999999996,-0.88,9.52
0.004735999999999999,-0.8,9.76
0.004744,-0.88,9.92
0.004751999999999999,-0.88,10.0
0.004759999999999999,-0.88,10.16
0.004768,-0.88,10.16
0.004775999999999999,-0.8,10.16
0.004784,-0.8,10.16
0.004791999999999999,-0.8,10.16
0.004799999999999999,-0.72,10.16
0.004808,-0.72,10.16
0.004815999999999999,-0.72,10.16
0.004823999999999998,-0.72,10.08
0.0048319999999999995,-0.72,10.0
0.004839999999999999,-0.64,9.76
0.004848,-0.72,9.6
0.004855999999999999,-0.56,9.44
0.0048639999999999985,-0.56,9.200000000000001
0.004872,-0.56,9.040000000000001
0.004879999999999999,-0.48,8.72
0.004888,-0.4,8.48
0.004895999999999999,-0.4,8.08
0.004903999999999999,-0.4,7.84
0.004912,-0.32,7.44
0.004919999999999999,-0.32,7.04
0.004928,-0.32,6.72
0.004935999999999999,-0.24,6.24
0.004943999999999999,-0.24,5.92
0.004952,-0.08,5.44
0.004959999999999999,-0.08,4.96
0.0049679999999999985,-0.08,4.48
0.0049759999999999995,0.0,4.0
0.004983999999999999,0.0,3.68
0.004992,0.08,3.12
0.004999999999999999,0.08,2.64
0.0050079999999999986,0.16,2.16
0.005016,0.24,1.6
0.005023999999999999,0.24,1.12
0.005032,0.32,0.56
0.005039999999999999,0.32,0.08
0.005047999999999999,0.32,-0.48
0.005056,0.4,-1.04
0.005063999999999999,0.48,-1.44
0.005071999999999998,0.48,-2.0
0.0050799999999999994,0.48,-2.4
0.005087999999999999,0.56,-2.96
0.005096,0.48,-3.44
0.005103999999999999,0.64,-3.92
0.0051119999999999985,0.56,-4.4
0.0051199999999999996,0.72,-4.8
0.005127999999999999,0.72,-5.28
0.005136,0.72,-5.76
0.005143999999999999,0.72,-6.08
0.005151999999999999,0.8,-6.5600000000000005
0.00516,0.8,-6.96
0.005167999999999999,0.72,-7.28
0.005176,0.88,-7.6000000000000005
0.005183999999999999,0.88,-8.08
0.005191999999999999,0.8,-8.32
0.0052,0.88,-8.56
0.005207999999999999,0.88,-8.96
0.005215999999999998,0.88,-9.120000000000001
0.0052239999999999995,0.88,-9.28
0.005231999999999999,0.88,-9.6
0.00524,0.88,-9.68
0.005247999999999999,0.8,-9.84
0.0052559999999999985,0.88,-10.0
0.005264,0.88,-10.08
0.005271999999999999,0.88,-10.16
0.00528,0.88,-10.16
0.005287999999999999,0.8,-10.16
0.005295999999999999,0.8,-10.16
0.005304,0.88,-10.16
0.005311999999999999,0.8,-10.16
0.00532,0.72,-10.08
0.005327999999999999,0.64,-9.92
0.005335999999999999,0.64,-9.84
0.005344,0.72,-9.6
0.005351999999999999,0.64,-9.44
0.0053599999999999984,0.56,-9.28
0.0053679999999999995,0.56,-9.040000000000001
0.005375999999999999,0.56,-8.8
0.005384,0.48,-8.4
0.005391999999999999,0.48,-8.16
0.0053999999999999986,0.48,-7.84
0.005408,0.4,-7.5200000000000005
0.005415999999999999,0.24,-7.12
0.005424,0.32,-6.72
0.005431999999999999,0.32,-6.4
0.005439999999999999,0.24,-6.0
0.005448,0.24,-5.6000000000000005
0.005455999999999999,0.16,-5.04
0.005463999999999998,0.08,-4.64
0.0054719999999999994,0.08,-4.24
0.005479999999999999,-0.08,-3.68
0.005488,0.0,-3.2800000000000002
0.005495999999999999,-0.08,-2.8000000000000003
0.0055039999999999985,-0.16,-2.32
0.0055119999999999995,-0.16,-1.84
0.005519999999999999,-0.24,-1.28
0.005528,-0.24,-0.72
0.005535999999999999,-0.24,-0.24
0.005543999999999999,-0.4,0.32
0.005552,-0.32,0.8
0.005559999999999999,-0.48,1.36
0.005568,-0.4,1.84
0.005575999999999999,-0.48,2.4
0.005583999999999999,-0.48,2.88
0.005592,-0.56,3.36
0.005599999999999999,-0.56,3.7600000000000002
0.005607999999999998,-0.64,4.24
0.0056159999999999995,-0.72,4.8
0.005623999999999999,-0.64,5.2
0.005632,-0.8,5.68
0.005639999999999999,-0.72,6.08
0.0056479999999999985,-0.72,6.48
0.005656,-0.72,6.88
0.005663999999999999,-0.8,7.28
0.005672,-0.8,7.68
0.005679999999999999,-0.8,8.0
0.005687999999999999,-0.8,8.24
0.005696,-0.88,8.64
0.005703999999999999,-0.8,8.88
0.005712,-0.8,9.120000000000001
0.005719999999999999,-0.88,9.36
0.005727999999999999,-0.96,9.6
0.005736,-0.88,9.76
0.005743999999999999,-0.8,9.92
0.005751999999999998,-0.8,10.08
0.0057599999999999995,-0.96,10.16
0.005767999999999999,-0.8,10.16
0.005776,-0.88,10.16
0.005783999999999999,-0.88,10.16
0.0057919999999999985,-0.88,10.16
0.0058,-0.8,10.16
0.005807999999999999,-0.72,10.16
0.005816,-0.8,10.16
0.005823999999999999,-0.8,10.16
0.005831999999999999,-0.64,10.08
0.00584,-0.64,9.92
0.005847999999999999,-0.64,9.68
0.005855999999999998,-0.56,9.52
0.005863999999999999,-0.56,9.28
0.005871999999999999,-0.48,9.040000000000001
0.00588,-0.48,8.8
0.005887999999999999,-0.48,8.48
0.0058959999999999985,-0.4,8.24
0.0059039999999999995,-0.4,7.92
0.005911999999999999,-0.4,7.5200000000000005
0.00592,-0.32,7.2
0.005927999999999999,-0.32,6.72
0.005935999999999999,-0.32,6.4
0.005944,-0.16,5.92
0.005951999999999999,-0.16,5.5200000000000005
0.00596,-0.08,5.04
0.005967999999999999,-0.08,4.64
0.005975999999999999,0.0,4.08
0.005984,0.0,3.68
0.005991999999999999,0.08,3.2
0.005999999999999998,0.16,2.72
0.0060079999999999995,0.16,2.16
0.006015999999999999,0.16,1.68
0.006024,0.24,1.12
0.006031999999999999,0.24,0.64
0.0060399999999999985,0.32,0.08
0.0060479999999999996,0.4,-0.4
0.006055999999999999,0.32,-0.88
0.006064,0.48,-1.44
0.006071999999999999,0.48,-1.92
0.006079999999999999,0.48,-2.4
0.006088,0.56,-2.88
0.006095999999999999,0.56,-3.44
0.006104,0.56,-3.92
0.006111999999999999,0.64,-4.32
0.006119999999999999,0.64,-4.8
0.006128,0.72,-5.2
0.006135999999999999,0.72,-5.68
0.006143999999999998,0.64,-6.08
0.0061519999999999995,0.72,-6.5600000000000005
0.006159999999999999,0.8,-6.88
0.006168,0.8,-7.2
0.006175999999999999,0.88,-7.6000000000000005
0.0061839999999999985,0.88,-7.92
0.006192,0.8,-8.24
0.006199999999999999,0.88,-8.56
0.006208,0.88,-8.8
0.006215999999999999,0.88,-9.040000000000001
0.006223999999999999,0.8,-9.36
0.006232,0.88,-9.44
0.006239999999999999,0.88,-9.76
0.006247999999999998,0.88,-9.84
0.006255999999999999,0.88,-9.92
0.006263999999999999,0.88,-10.08
0.006272,0.8,-10.08
0.006279999999999999,0.88,-10.08
0.0062879999999999985,0.8,-10.16
0.0062959999999999995,0.88,-10.16
0.006303999999999999,0.8,-10.16
0.006312,0.8,-10.08
0.006319999999999999,0.72,-10.0
0.0063279999999999986,0.72,-9.92
0.006336,0.72,-9.76
0.006343999999999999,0.64,-9.6
0.006352,0.56,-9.36
0.006359999999999999,0.64,-9.200000000000001
0.006367999999999999,0.56,-8.96
0.006376,0.48,-8.8
0.006383999999999999,0.48,-8.56
0.006391999999999998,0.48,-8.08
0.0063999999999999994,0.4,-7.92
0.006407999999999999,0.4,-7.44
0.006416,0.4,-7.12
0.006423999999999999,0.32,-6.8
0.0064319999999999985,0.24,-6.32
0.0064399999999999995,0.24,-6.0
0.006447999999999999,0.16,-5.5200000000000005
0.006456,0.16,-5.12
0.006463999999999999,0.08,-4.72
0.006471999999999999,0.08,-4.16
0.00648,0.0,-3.7600000000000002
0.006487999999999999,-0.08,-3.2800000000000002
0.006496,-0.16,-2.72
0.006503999999999999,-0.08,-2.24
0.006511999999999999,-0.24,-1.76
0.00652,-0.16,-1.28
0.006527999999999999,-0.24,-0.72
0.006535999999999998,-0.24,-0.24
0.0065439999999999995,-0.32,0.32
0.006551999999999999,-0.32,0.8
0.00656,-0.32,1.28
0.006567999999999999,-0.48,1.92
0.0065759999999999985,-0.4,2.32
0.006584,-0.48,2.88
0.006591999999999999,-0.56,3.36
0.0066,-0.56,3.84
0.006607999999999999,-0.64,4.32
0.006615999999999999,-0.72,4.72
0.006624,-0.72,5.2
0.006631999999999999,-0.72,5.68
0.006639999999999998,-0.72,6.08
0.006647999999999999,-0.72,6.48
0.006655999999999999,-0.72,6.88
0.006664,-0.72,7.28
0.006671999999999999,-0.8,7.68
0.0066799999999999984,-0.8,8.0
0.0066879999999999995,-0.88,8.32
0.006695999999999999,-0.8,8.64
0.006704,-0.88,8.88
0.006711999999999999,-0.88,9.120000000000001
0.0067199999999999985,-0.88,9.36
0.006728,-0.8,9.6
0.006735999999999999,-0.96,9.76
0.006744,-0.88,10.0
0.006751999999999999,-0.88,10.08
0.006759999999999999,-0.88,10.16
0.006768,-0.8,10.16
0.006775999999999999,-0.8,10.16
0.006783999999999998,-0.8,10.16
0.006791999999999999,-0.8,10.16
0.006799999999999999,-0.72,10.16
0.006808,-0.72,10.16
0.006815999999999999,-0.72,10.16
0.0068239999999999985,-0.8,10.16
0.0068319999999999995,-0.64,10.08
0.006839999999999999,-0.64,9.92
0.006848,-0.64,9.76
0.006855999999999999,-0.56,9.52
0.006863999999999999,-0.56,9.28
0.006872,-0.56,9.120000000000001
0.006879999999999999,-0.48,8.72
0.006888,-0.48,8.56
0.006895999999999999,-0.48,8.16
0.006903999999999999,-0.4,7.92
0.006912,-0.4,7.5200000000000005
0.006919999999999999,-0.32,7.12
0.006927999999999998,-0.32,6.8
0.0069359999999999995,-0.24,6.4
0.006943999999999999,-0.16,6.0
0.006952,-0.16,5.5200000000000005
0.006959999999999999,-0.08,5.12
0.0069679999999999985,-0.08,4.64
0.0069759999999999996,0.0,4.16
0.006983999999999999,0.0,3.7600000000000002
0.006992,0.08,3.12
0.006999999999999999,0.08,2.72
0.007007999999999999,0.16,2.24
0.007016,0.16,1.68
0.007023999999999999,0.24,1.2
0.007031999999999998,0.24,0.64
0.007039999999999999,0.32,0.16
0.007047999999999999,0.4,-0.32
0.007056,0.4,-0.96
0.007063999999999999,0.48,-1.44
0.007071999999999998,0.48,-2.0
0.0070799999999999995,0.56,-2.32
0.007087999999999999,0.56,-2.96
0.007096,0.56,-3.44
0.007103999999999999,0.64,-3.84
0.0071119999999999985,0.64,-4.32
0.00712,0.72,-4.72
0.007127999999999999,0.72,-5.2
0.007136,0.72,-5.68
0.007143999999999999,0.72,-6.08
0.007151999999999999,0.8,-6.5600000000000005
0.00716,0.8,-6.8
0.007167999999999999,0.8,-7.2
0.007175999999999998,0.8,-7.6000000000000005
0.007183999999999999,0.8,-8.0
0.007191999999999999,0.88,-8.24
0.0072,0.88,-8.48
0.007207999999999999,0.88,-8.88
0.0072159999999999985,0.88,-9.040000000000001
0.0072239999999999995,0.88,-9.28
0.007231999999999999,0.88,-9.44
0.00724,0.88,-9.6
0.007247999999999999,0.88,-9.76
0.0072559999999999986,0.88,-9.92
0.007264,0.88,-10.0
0.007271999999999999,0.88,-10.08
0.007279999999999998,0.88,-10.16
0.007287999999999999,0.88,-10.16
0.007295999999999999,0.8,-10.16
0.007304,0.8,-10.08
0.007311999999999999,0.8,-10.08
0.007319999999999998,0.72,-10.08
0.0073279999999999994,0.72,-9.92
0.007335999999999999,0.72,-9.76
0.007344,0.64,-9.68
0.007351999999999999,0.64,-9.36
0.0073599999999999985,0.56,-9.200000000000001
0.0073679999999999995,0.56,-8.96
0.007375999999999999,0.56,-8.72
0.007384,0.48,-8.4
0.007391999999999999,0.48,-8.16
0.007399999999999999,0.4,-7.76
0.007408,0.32,-7.44
0.007415999999999999,0.32,-7.2
0.007423999999999998,0.24,-6.8
0.007431999999999999,0.32,-6.32
0.007439999999999999,0.24,-5.92
0.007448,0.24,-5.5200000000000005
0.007455999999999999,0.16,-5.12
0.007463999999999998,0.16,-4.72
0.0074719999999999995,0.0,-4.16
0.007479999999999999,0.0,-3.68
0.007488,0.0,-3.2800000000000002
0.007495999999999999,-0.08,-2.72
0.0075039999999999985,-0.08,-2.24
0.007512,-0.16,-1.76
0.007519999999999999,-0.16,-1.2
0.007528,-0.24,-0.72
0.007535999999999999,-0.24,-0.24
0.007543999999999999,-0.4,0.32
0.007552,-0.32,0.72
0.007559999999999999,-0.48,1.36
0.007567999999999998,-0.4,1.84
0.007575999999999999,-0.48,2.4
0.007583999999999999,-0.48,2.8000000000000003
0.007592,-0.56,3.36
0.007599999999999999,-0.56,3.92
0.0076079999999999984,-0.64,4.24
0.0076159999999999995,-0.64,4.8
0.007623999999999999,-0.64,5.2
0.007632,-0.72,5.68
0.0076399999999999975,-0.8,6.08
0.0076479999999999985,-0.72,6.4
0.007656,-0.72,6.96
0.007664000000000001,-0.8,7.28
0.007671999999999998,-0.8,7.6000000000000005
0.007679999999999999,-0.8,8.08
0.007688,-0.8,8.32
0.007695999999999998,-0.8,8.64
0.007703999999999999,-0.88,8.88
0.007712,-0.8,9.200000000000001
0.007719999999999998,-0.96,9.36
0.007727999999999999,-0.96,9.6
0.007736,-0.88,9.76
0.007743999999999997,-0.8,10.0
0.0077519999999999985,-0.8,10.08
0.0077599999999999995,-0.88,10.16
0.007768000000000001,-0.8,10.16
0.007775999999999998,-0.8,10.16
0.007783999999999999,-0.8,10.16
0.007792,-0.8,10.16
0.007799999999999998,-0.8,10.16
0.007807999999999999,-0.72,10.16
0.007816,-0.72,10.16
0.007823999999999998,-0.64,10.16
0.007831999999999999,-0.72,10.08
0.00784,-0.64,9.92
0.007848,-0.56,9.76
0.007855999999999998,-0.56,9.52
0.007864,-0.64,9.28
0.007872,-0.56,9.120000000000001
0.007879999999999998,-0.48,8.8
0.007888,-0.56,8.48
0.007896,-0.4,8.24
0.007903999999999998,-0.4,7.92
0.007911999999999999,-0.32,7.44
0.00792,-0.32,7.2
0.007927999999999998,-0.24,6.72
0.007935999999999999,-0.24,6.4
0.007944,-0.16,5.92
0.007952,-0.16,5.44
0.007959999999999998,-0.08,5.04
0.007968,-0.08,4.5600000000000005
0.007976,0.0,4.16
0.007983999999999998,0.0,3.68
0.007991999999999999,0.0,3.12
